Metal,Stage,Reagent,Value
"Lithium, spodumene - carbonate",Mining,"neutralising agent, sodium hydroxide-equivalent",0.0
"Lithium, spodumene - carbonate",Mining,"hydrochloric acid, without water, in 30% solution state",0.0
"Lithium, spodumene - carbonate",Mining,"soda ash, light",0.0
"Lithium, spodumene - carbonate",Mining,"quicklime, milled, packed",0.0
"Lithium, spodumene - carbonate",Mining,sulfuric acid,0.0
"Lithium, spodumene - carbonate",Mining,"sodium hydroxide, without water, in 50% solution state",0.0
"Lithium, spodumene - carbonate",Mining,"quicklime, milled, loose",0.0
"Lithium, spodumene - carbonate",Mining,"hydrogen peroxide, without water, in 50% solution state",0.0
"Lithium, spodumene - carbonate",Mining,"carbon dioxide, liquid",0.0
"Lithium, spodumene - carbonate",Mining,bentonite,0.0
"Lithium, spodumene - carbonate",Mining,sulfur,0.0
"Lithium, spodumene - carbonate",Mining,magnesium oxide,0.0
"Lithium, spodumene - carbonate",Mining,"limestone, crushed, for mill",0.0
"Lithium, spodumene - carbonate",Mining,"lime, hydraulic",0.0
"Lithium, spodumene - carbonate",Mining,"soda ash, dense",0.0
"Lithium, spodumene - carbonate",Mining,ammonium bicarbonate,0.0
"Lithium, spodumene - carbonate",Mining,lime,0.0
"Lithium, spodumene - carbonate",Mining,"limestone, crushed, washed",0.0
"Lithium, spodumene - carbonate",Mining,disodium disulphite,0.0
"Lithium, spodumene - carbonate",Mining,"nitric acid, without water, in 50% solution state",0.0
"Lithium, spodumene - carbonate",Mining,hydrogen fluoride,0.0
"Lithium, spodumene - carbonate",Mining,"nitrogen, liquid",0.0
"Lithium, spodumene - carbonate",Mining,"phosphoric acid, fertiliser grade, without water, in 70% solution state",0.0
"Lithium, spodumene - carbonate",Mining,iron sulfate,0.0
"Lithium, spodumene - carbonate",Mining,"aluminium sulfate, powder",0.0
"Lithium, spodumene - carbonate",Mining,"chlorine, liquid",0.0
"Lithium, spodumene - carbonate",Mining,"chlorine, gaseous",0.0
"Lithium, spodumene - carbonate",Mining,"iron (III) chloride, without water, in 40% solution state",0.0
"Lithium, spodumene - carbonate",Mining,"lime, hydrated, packed",0.0
"Lithium, spodumene - carbonate",Mining,sodium hydrogen sulfite,0.0
"Lithium, spodumene - carbonate",Mining,sodium pyrophosphate,0.0
"Lithium, spodumene - carbonate",Mining,"ammonia, anhydrous, liquid",0.0
"Lithium, spodumene - carbonate",Mining,hydrogen sulfide,0.0
"Lithium, spodumene - carbonate",Mining,"oxygen, liquid",0.0
"Lithium, spodumene - carbonate",Mining,formaldehyde,0.0
"Lithium, spodumene - carbonate",Mining,"hydrogen, gaseous, medium pressure, merchant",0.0
"Lithium, spodumene - carbonate",Mining,naphthalene sulfonic acid,0.0
"Lithium, spodumene - carbonate",Mining,"sodium chloride, powder",0.0
"Lithium, spodumene - carbonate",Mining,"sodium sulfate, anhydrite",0.0
"Lithium, spodumene - carbonate",Mining,"sulfur dioxide, liquid",0.0
"Lithium, spodumene - carbonate",Mining,coal tar,0.0
"Lithium, spodumene - carbonate",Concentration,"neutralising agent, sodium hydroxide-equivalent",0.0
"Lithium, spodumene - carbonate",Concentration,"hydrochloric acid, without water, in 30% solution state",0.0
"Lithium, spodumene - carbonate",Concentration,"soda ash, light",0.0
"Lithium, spodumene - carbonate",Concentration,"quicklime, milled, packed",0.0
"Lithium, spodumene - carbonate",Concentration,sulfuric acid,0.0
"Lithium, spodumene - carbonate",Concentration,"sodium hydroxide, without water, in 50% solution state",0.0
"Lithium, spodumene - carbonate",Concentration,"quicklime, milled, loose",0.0
"Lithium, spodumene - carbonate",Concentration,"hydrogen peroxide, without water, in 50% solution state",0.0
"Lithium, spodumene - carbonate",Concentration,"carbon dioxide, liquid",0.0
"Lithium, spodumene - carbonate",Concentration,bentonite,0.0
"Lithium, spodumene - carbonate",Concentration,sulfur,0.0
"Lithium, spodumene - carbonate",Concentration,magnesium oxide,0.0
"Lithium, spodumene - carbonate",Concentration,"limestone, crushed, for mill",0.0
"Lithium, spodumene - carbonate",Concentration,"lime, hydraulic",0.0
"Lithium, spodumene - carbonate",Concentration,"soda ash, dense",0.0
"Lithium, spodumene - carbonate",Concentration,ammonium bicarbonate,0.0
"Lithium, spodumene - carbonate",Concentration,lime,0.0
"Lithium, spodumene - carbonate",Concentration,"limestone, crushed, washed",0.0
"Lithium, spodumene - carbonate",Concentration,disodium disulphite,0.0
"Lithium, spodumene - carbonate",Concentration,"nitric acid, without water, in 50% solution state",0.0
"Lithium, spodumene - carbonate",Concentration,hydrogen fluoride,0.0
"Lithium, spodumene - carbonate",Concentration,"nitrogen, liquid",0.0
"Lithium, spodumene - carbonate",Concentration,"phosphoric acid, fertiliser grade, without water, in 70% solution state",0.0
"Lithium, spodumene - carbonate",Concentration,iron sulfate,0.0
"Lithium, spodumene - carbonate",Concentration,"aluminium sulfate, powder",0.0
"Lithium, spodumene - carbonate",Concentration,"chlorine, liquid",0.0
"Lithium, spodumene - carbonate",Concentration,"chlorine, gaseous",0.0
"Lithium, spodumene - carbonate",Concentration,"iron (III) chloride, without water, in 40% solution state",0.0
"Lithium, spodumene - carbonate",Concentration,"lime, hydrated, packed",0.0
"Lithium, spodumene - carbonate",Concentration,sodium hydrogen sulfite,0.0
"Lithium, spodumene - carbonate",Concentration,sodium pyrophosphate,0.0
"Lithium, spodumene - carbonate",Concentration,"ammonia, anhydrous, liquid",0.0
"Lithium, spodumene - carbonate",Concentration,hydrogen sulfide,0.0
"Lithium, spodumene - carbonate",Concentration,"oxygen, liquid",0.0
"Lithium, spodumene - carbonate",Concentration,formaldehyde,0.0
"Lithium, spodumene - carbonate",Concentration,"hydrogen, gaseous, medium pressure, merchant",0.0
"Lithium, spodumene - carbonate",Concentration,naphthalene sulfonic acid,0.0
"Lithium, spodumene - carbonate",Concentration,"sodium chloride, powder",0.0
"Lithium, spodumene - carbonate",Concentration,"sodium sulfate, anhydrite",0.0
"Lithium, spodumene - carbonate",Concentration,"sulfur dioxide, liquid",0.0
"Lithium, spodumene - carbonate",Concentration,coal tar,0.0
"Lithium, spodumene - carbonate",Refining,"neutralising agent, sodium hydroxide-equivalent",0.0
"Lithium, spodumene - carbonate",Refining,"hydrochloric acid, without water, in 30% solution state",0.0
"Lithium, spodumene - carbonate",Refining,"soda ash, light",0.9208888898127473
"Lithium, spodumene - carbonate",Refining,"quicklime, milled, packed",0.0
"Lithium, spodumene - carbonate",Refining,sulfuric acid,0.3111289676637334
"Lithium, spodumene - carbonate",Refining,"sodium hydroxide, without water, in 50% solution state",0.07479332862322823
"Lithium, spodumene - carbonate",Refining,"quicklime, milled, loose",0.8446506972249784
"Lithium, spodumene - carbonate",Refining,"hydrogen peroxide, without water, in 50% solution state",0.0
"Lithium, spodumene - carbonate",Refining,"carbon dioxide, liquid",0.0
"Lithium, spodumene - carbonate",Refining,bentonite,0.0
"Lithium, spodumene - carbonate",Refining,sulfur,0.0
"Lithium, spodumene - carbonate",Refining,magnesium oxide,0.0
"Lithium, spodumene - carbonate",Refining,"limestone, crushed, for mill",0.0
"Lithium, spodumene - carbonate",Refining,"lime, hydraulic",0.0
"Lithium, spodumene - carbonate",Refining,"soda ash, dense",0.0
"Lithium, spodumene - carbonate",Refining,ammonium bicarbonate,0.0
"Lithium, spodumene - carbonate",Refining,lime,0.0
"Lithium, spodumene - carbonate",Refining,"limestone, crushed, washed",0.0
"Lithium, spodumene - carbonate",Refining,disodium disulphite,0.0
"Lithium, spodumene - carbonate",Refining,"nitric acid, without water, in 50% solution state",0.0
"Lithium, spodumene - carbonate",Refining,hydrogen fluoride,0.0
"Lithium, spodumene - carbonate",Refining,"nitrogen, liquid",0.0
"Lithium, spodumene - carbonate",Refining,"phosphoric acid, fertiliser grade, without water, in 70% solution state",0.0
"Lithium, spodumene - carbonate",Refining,iron sulfate,0.0
"Lithium, spodumene - carbonate",Refining,"aluminium sulfate, powder",0.0
"Lithium, spodumene - carbonate",Refining,"chlorine, liquid",0.0
"Lithium, spodumene - carbonate",Refining,"chlorine, gaseous",0.0
"Lithium, spodumene - carbonate",Refining,"iron (III) chloride, without water, in 40% solution state",0.0
"Lithium, spodumene - carbonate",Refining,"lime, hydrated, packed",0.0
"Lithium, spodumene - carbonate",Refining,sodium hydrogen sulfite,0.0
"Lithium, spodumene - carbonate",Refining,sodium pyrophosphate,0.0
"Lithium, spodumene - carbonate",Refining,"ammonia, anhydrous, liquid",0.0
"Lithium, spodumene - carbonate",Refining,hydrogen sulfide,0.0
"Lithium, spodumene - carbonate",Refining,"oxygen, liquid",0.0
"Lithium, spodumene - carbonate",Refining,formaldehyde,0.0
"Lithium, spodumene - carbonate",Refining,"hydrogen, gaseous, medium pressure, merchant",0.0
"Lithium, spodumene - carbonate",Refining,naphthalene sulfonic acid,0.0
"Lithium, spodumene - carbonate",Refining,"sodium chloride, powder",0.0
"Lithium, spodumene - carbonate",Refining,"sodium sulfate, anhydrite",0.0
"Lithium, spodumene - carbonate",Refining,"sulfur dioxide, liquid",0.0
"Lithium, spodumene - carbonate",Refining,coal tar,0.0
Cobalt,Mining,"neutralising agent, sodium hydroxide-equivalent",0.0
Cobalt,Mining,"hydrochloric acid, without water, in 30% solution state",0.0
Cobalt,Mining,"soda ash, light",0.0
Cobalt,Mining,"quicklime, milled, packed",0.0
Cobalt,Mining,sulfuric acid,0.0
Cobalt,Mining,"sodium hydroxide, without water, in 50% solution state",0.0
Cobalt,Mining,"quicklime, milled, loose",0.0
Cobalt,Mining,"hydrogen peroxide, without water, in 50% solution state",0.0
Cobalt,Mining,"carbon dioxide, liquid",0.0
Cobalt,Mining,bentonite,0.0
Cobalt,Mining,sulfur,0.0
Cobalt,Mining,magnesium oxide,0.0
Cobalt,Mining,"limestone, crushed, for mill",0.0
Cobalt,Mining,"lime, hydraulic",0.0
Cobalt,Mining,"soda ash, dense",0.0
Cobalt,Mining,ammonium bicarbonate,0.0
Cobalt,Mining,lime,0.0
Cobalt,Mining,"limestone, crushed, washed",0.0
Cobalt,Mining,disodium disulphite,0.0
Cobalt,Mining,"nitric acid, without water, in 50% solution state",0.0
Cobalt,Mining,hydrogen fluoride,0.0
Cobalt,Mining,"nitrogen, liquid",0.0
Cobalt,Mining,"phosphoric acid, fertiliser grade, without water, in 70% solution state",0.0
Cobalt,Mining,iron sulfate,0.0
Cobalt,Mining,"aluminium sulfate, powder",0.0
Cobalt,Mining,"chlorine, liquid",0.0
Cobalt,Mining,"chlorine, gaseous",0.0
Cobalt,Mining,"iron (III) chloride, without water, in 40% solution state",0.0
Cobalt,Mining,"lime, hydrated, packed",0.0
Cobalt,Mining,sodium hydrogen sulfite,0.0
Cobalt,Mining,sodium pyrophosphate,0.0
Cobalt,Mining,"ammonia, anhydrous, liquid",0.0
Cobalt,Mining,hydrogen sulfide,0.0
Cobalt,Mining,"oxygen, liquid",0.0
Cobalt,Mining,formaldehyde,0.0
Cobalt,Mining,"hydrogen, gaseous, medium pressure, merchant",0.0
Cobalt,Mining,naphthalene sulfonic acid,0.0
Cobalt,Mining,"sodium chloride, powder",0.0
Cobalt,Mining,"sodium sulfate, anhydrite",0.0
Cobalt,Mining,"sulfur dioxide, liquid",0.0
Cobalt,Mining,coal tar,0.0
Cobalt,Concentration,"neutralising agent, sodium hydroxide-equivalent",0.0
Cobalt,Concentration,"hydrochloric acid, without water, in 30% solution state",0.0
Cobalt,Concentration,"soda ash, light",0.0
Cobalt,Concentration,"quicklime, milled, packed",0.0
Cobalt,Concentration,sulfuric acid,0.0
Cobalt,Concentration,"sodium hydroxide, without water, in 50% solution state",0.13986352451807707
Cobalt,Concentration,"quicklime, milled, loose",0.0
Cobalt,Concentration,"hydrogen peroxide, without water, in 50% solution state",0.0
Cobalt,Concentration,"carbon dioxide, liquid",0.0
Cobalt,Concentration,bentonite,0.0
Cobalt,Concentration,sulfur,0.31764910708348315
Cobalt,Concentration,magnesium oxide,0.743407987745288
Cobalt,Concentration,"limestone, crushed, for mill",0.0065998340651599935
Cobalt,Concentration,"lime, hydraulic",0.7070128263478103
Cobalt,Concentration,"soda ash, dense",0.0
Cobalt,Concentration,ammonium bicarbonate,0.0
Cobalt,Concentration,lime,0.0
Cobalt,Concentration,"limestone, crushed, washed",0.0
Cobalt,Concentration,disodium disulphite,0.0
Cobalt,Concentration,"nitric acid, without water, in 50% solution state",0.0
Cobalt,Concentration,hydrogen fluoride,0.0
Cobalt,Concentration,"nitrogen, liquid",0.0
Cobalt,Concentration,"phosphoric acid, fertiliser grade, without water, in 70% solution state",0.0
Cobalt,Concentration,iron sulfate,0.0
Cobalt,Concentration,"aluminium sulfate, powder",0.0
Cobalt,Concentration,"chlorine, liquid",0.0
Cobalt,Concentration,"chlorine, gaseous",0.0
Cobalt,Concentration,"iron (III) chloride, without water, in 40% solution state",0.0
Cobalt,Concentration,"lime, hydrated, packed",0.0
Cobalt,Concentration,sodium hydrogen sulfite,0.0
Cobalt,Concentration,sodium pyrophosphate,0.0
Cobalt,Concentration,"ammonia, anhydrous, liquid",0.0
Cobalt,Concentration,hydrogen sulfide,0.0
Cobalt,Concentration,"oxygen, liquid",0.0
Cobalt,Concentration,formaldehyde,0.0
Cobalt,Concentration,"hydrogen, gaseous, medium pressure, merchant",0.0
Cobalt,Concentration,naphthalene sulfonic acid,0.0
Cobalt,Concentration,"sodium chloride, powder",0.0
Cobalt,Concentration,"sodium sulfate, anhydrite",0.0
Cobalt,Concentration,"sulfur dioxide, liquid",0.0
Cobalt,Concentration,coal tar,0.0
Cobalt,Refining,"neutralising agent, sodium hydroxide-equivalent",0.0
Cobalt,Refining,"hydrochloric acid, without water, in 30% solution state",1.7864372416119103
Cobalt,Refining,"soda ash, light",0.0
Cobalt,Refining,"quicklime, milled, packed",0.0
Cobalt,Refining,sulfuric acid,0.18194676468853085
Cobalt,Refining,"sodium hydroxide, without water, in 50% solution state",4.936359689687365
Cobalt,Refining,"quicklime, milled, loose",0.0
Cobalt,Refining,"hydrogen peroxide, without water, in 50% solution state",0.0
Cobalt,Refining,"carbon dioxide, liquid",0.0
Cobalt,Refining,bentonite,0.0
Cobalt,Refining,sulfur,0.0
Cobalt,Refining,magnesium oxide,0.0
Cobalt,Refining,"limestone, crushed, for mill",0.0
Cobalt,Refining,"lime, hydraulic",0.0
Cobalt,Refining,"soda ash, dense",0.04368930901231284
Cobalt,Refining,ammonium bicarbonate,0.3795446478441428
Cobalt,Refining,lime,0.0003201556701824603
Cobalt,Refining,"limestone, crushed, washed",0.00014704202300640172
Cobalt,Refining,disodium disulphite,0.04366042206710515
Cobalt,Refining,"nitric acid, without water, in 50% solution state",0.0
Cobalt,Refining,hydrogen fluoride,0.0
Cobalt,Refining,"nitrogen, liquid",0.0
Cobalt,Refining,"phosphoric acid, fertiliser grade, without water, in 70% solution state",0.0
Cobalt,Refining,iron sulfate,0.0
Cobalt,Refining,"aluminium sulfate, powder",0.0
Cobalt,Refining,"chlorine, liquid",0.0
Cobalt,Refining,"chlorine, gaseous",0.0
Cobalt,Refining,"iron (III) chloride, without water, in 40% solution state",0.0
Cobalt,Refining,"lime, hydrated, packed",0.0
Cobalt,Refining,sodium hydrogen sulfite,0.0
Cobalt,Refining,sodium pyrophosphate,0.0
Cobalt,Refining,"ammonia, anhydrous, liquid",0.0
Cobalt,Refining,hydrogen sulfide,0.0
Cobalt,Refining,"oxygen, liquid",0.0
Cobalt,Refining,formaldehyde,0.0
Cobalt,Refining,"hydrogen, gaseous, medium pressure, merchant",0.0
Cobalt,Refining,naphthalene sulfonic acid,0.0
Cobalt,Refining,"sodium chloride, powder",0.0
Cobalt,Refining,"sodium sulfate, anhydrite",0.0
Cobalt,Refining,"sulfur dioxide, liquid",0.0
Cobalt,Refining,coal tar,0.0
"Lithium, spodumene",Mining,"neutralising agent, sodium hydroxide-equivalent",0.0
"Lithium, spodumene",Mining,"hydrochloric acid, without water, in 30% solution state",0.0
"Lithium, spodumene",Mining,"soda ash, light",0.0
"Lithium, spodumene",Mining,"quicklime, milled, packed",0.0
"Lithium, spodumene",Mining,sulfuric acid,0.0
"Lithium, spodumene",Mining,"sodium hydroxide, without water, in 50% solution state",0.0
"Lithium, spodumene",Mining,"quicklime, milled, loose",0.0
"Lithium, spodumene",Mining,"hydrogen peroxide, without water, in 50% solution state",0.0
"Lithium, spodumene",Mining,"carbon dioxide, liquid",0.0
"Lithium, spodumene",Mining,bentonite,0.0
"Lithium, spodumene",Mining,sulfur,0.0
"Lithium, spodumene",Mining,magnesium oxide,0.0
"Lithium, spodumene",Mining,"limestone, crushed, for mill",0.0
"Lithium, spodumene",Mining,"lime, hydraulic",0.0
"Lithium, spodumene",Mining,"soda ash, dense",0.0
"Lithium, spodumene",Mining,ammonium bicarbonate,0.0
"Lithium, spodumene",Mining,lime,0.0
"Lithium, spodumene",Mining,"limestone, crushed, washed",0.0
"Lithium, spodumene",Mining,disodium disulphite,0.0
"Lithium, spodumene",Mining,"nitric acid, without water, in 50% solution state",0.0
"Lithium, spodumene",Mining,hydrogen fluoride,0.0
"Lithium, spodumene",Mining,"nitrogen, liquid",0.0
"Lithium, spodumene",Mining,"phosphoric acid, fertiliser grade, without water, in 70% solution state",0.0
"Lithium, spodumene",Mining,iron sulfate,0.0
"Lithium, spodumene",Mining,"aluminium sulfate, powder",0.0
"Lithium, spodumene",Mining,"chlorine, liquid",0.0
"Lithium, spodumene",Mining,"chlorine, gaseous",0.0
"Lithium, spodumene",Mining,"iron (III) chloride, without water, in 40% solution state",0.0
"Lithium, spodumene",Mining,"lime, hydrated, packed",0.0
"Lithium, spodumene",Mining,sodium hydrogen sulfite,0.0
"Lithium, spodumene",Mining,sodium pyrophosphate,0.0
"Lithium, spodumene",Mining,"ammonia, anhydrous, liquid",0.0
"Lithium, spodumene",Mining,hydrogen sulfide,0.0
"Lithium, spodumene",Mining,"oxygen, liquid",0.0
"Lithium, spodumene",Mining,formaldehyde,0.0
"Lithium, spodumene",Mining,"hydrogen, gaseous, medium pressure, merchant",0.0
"Lithium, spodumene",Mining,naphthalene sulfonic acid,0.0
"Lithium, spodumene",Mining,"sodium chloride, powder",0.0
"Lithium, spodumene",Mining,"sodium sulfate, anhydrite",0.0
"Lithium, spodumene",Mining,"sulfur dioxide, liquid",0.0
"Lithium, spodumene",Mining,coal tar,0.0
"Lithium, spodumene",Concentration,"neutralising agent, sodium hydroxide-equivalent",0.0
"Lithium, spodumene",Concentration,"hydrochloric acid, without water, in 30% solution state",0.0
"Lithium, spodumene",Concentration,"soda ash, light",0.0
"Lithium, spodumene",Concentration,"quicklime, milled, packed",0.0
"Lithium, spodumene",Concentration,sulfuric acid,0.0
"Lithium, spodumene",Concentration,"sodium hydroxide, without water, in 50% solution state",0.0
"Lithium, spodumene",Concentration,"quicklime, milled, loose",0.0
"Lithium, spodumene",Concentration,"hydrogen peroxide, without water, in 50% solution state",0.0
"Lithium, spodumene",Concentration,"carbon dioxide, liquid",0.0
"Lithium, spodumene",Concentration,bentonite,0.0
"Lithium, spodumene",Concentration,sulfur,0.0
"Lithium, spodumene",Concentration,magnesium oxide,0.0
"Lithium, spodumene",Concentration,"limestone, crushed, for mill",0.0
"Lithium, spodumene",Concentration,"lime, hydraulic",0.0
"Lithium, spodumene",Concentration,"soda ash, dense",0.0
"Lithium, spodumene",Concentration,ammonium bicarbonate,0.0
"Lithium, spodumene",Concentration,lime,0.0
"Lithium, spodumene",Concentration,"limestone, crushed, washed",0.0
"Lithium, spodumene",Concentration,disodium disulphite,0.0
"Lithium, spodumene",Concentration,"nitric acid, without water, in 50% solution state",0.0
"Lithium, spodumene",Concentration,hydrogen fluoride,0.0
"Lithium, spodumene",Concentration,"nitrogen, liquid",0.0
"Lithium, spodumene",Concentration,"phosphoric acid, fertiliser grade, without water, in 70% solution state",0.0
"Lithium, spodumene",Concentration,iron sulfate,0.0
"Lithium, spodumene",Concentration,"aluminium sulfate, powder",0.0
"Lithium, spodumene",Concentration,"chlorine, liquid",0.0
"Lithium, spodumene",Concentration,"chlorine, gaseous",0.0
"Lithium, spodumene",Concentration,"iron (III) chloride, without water, in 40% solution state",0.0
"Lithium, spodumene",Concentration,"lime, hydrated, packed",0.0
"Lithium, spodumene",Concentration,sodium hydrogen sulfite,0.0
"Lithium, spodumene",Concentration,sodium pyrophosphate,0.0
"Lithium, spodumene",Concentration,"ammonia, anhydrous, liquid",0.0
"Lithium, spodumene",Concentration,hydrogen sulfide,0.0
"Lithium, spodumene",Concentration,"oxygen, liquid",0.0
"Lithium, spodumene",Concentration,formaldehyde,0.0
"Lithium, spodumene",Concentration,"hydrogen, gaseous, medium pressure, merchant",0.0
"Lithium, spodumene",Concentration,naphthalene sulfonic acid,0.0
"Lithium, spodumene",Concentration,"sodium chloride, powder",0.0
"Lithium, spodumene",Concentration,"sodium sulfate, anhydrite",0.0
"Lithium, spodumene",Concentration,"sulfur dioxide, liquid",0.0
"Lithium, spodumene",Concentration,coal tar,0.0
"Lithium, spodumene",Refining,"neutralising agent, sodium hydroxide-equivalent",0.0
"Lithium, spodumene",Refining,"hydrochloric acid, without water, in 30% solution state",0.0
"Lithium, spodumene",Refining,"soda ash, light",0.011230352314024862
"Lithium, spodumene",Refining,"quicklime, milled, packed",0.0
"Lithium, spodumene",Refining,sulfuric acid,0.2765590824339376
"Lithium, spodumene",Refining,"sodium hydroxide, without water, in 50% solution state",1.7651225558577173
"Lithium, spodumene",Refining,"quicklime, milled, loose",0.7239863119072416
"Lithium, spodumene",Refining,"hydrogen peroxide, without water, in 50% solution state",0.0
"Lithium, spodumene",Refining,"carbon dioxide, liquid",0.0
"Lithium, spodumene",Refining,bentonite,0.0
"Lithium, spodumene",Refining,sulfur,0.0
"Lithium, spodumene",Refining,magnesium oxide,0.0
"Lithium, spodumene",Refining,"limestone, crushed, for mill",0.0
"Lithium, spodumene",Refining,"lime, hydraulic",0.0
"Lithium, spodumene",Refining,"soda ash, dense",0.0
"Lithium, spodumene",Refining,ammonium bicarbonate,0.0
"Lithium, spodumene",Refining,lime,0.0
"Lithium, spodumene",Refining,"limestone, crushed, washed",0.0
"Lithium, spodumene",Refining,disodium disulphite,0.0
"Lithium, spodumene",Refining,"nitric acid, without water, in 50% solution state",0.0
"Lithium, spodumene",Refining,hydrogen fluoride,0.0
"Lithium, spodumene",Refining,"nitrogen, liquid",0.0
"Lithium, spodumene",Refining,"phosphoric acid, fertiliser grade, without water, in 70% solution state",0.0
"Lithium, spodumene",Refining,iron sulfate,0.0
"Lithium, spodumene",Refining,"aluminium sulfate, powder",0.0
"Lithium, spodumene",Refining,"chlorine, liquid",0.0
"Lithium, spodumene",Refining,"chlorine, gaseous",0.0
"Lithium, spodumene",Refining,"iron (III) chloride, without water, in 40% solution state",0.0
"Lithium, spodumene",Refining,"lime, hydrated, packed",0.0
"Lithium, spodumene",Refining,sodium hydrogen sulfite,0.0
"Lithium, spodumene",Refining,sodium pyrophosphate,0.0
"Lithium, spodumene",Refining,"ammonia, anhydrous, liquid",0.0
"Lithium, spodumene",Refining,hydrogen sulfide,0.0
"Lithium, spodumene",Refining,"oxygen, liquid",0.0
"Lithium, spodumene",Refining,formaldehyde,0.0
"Lithium, spodumene",Refining,"hydrogen, gaseous, medium pressure, merchant",0.0
"Lithium, spodumene",Refining,naphthalene sulfonic acid,0.0
"Lithium, spodumene",Refining,"sodium chloride, powder",0.0
"Lithium, spodumene",Refining,"sodium sulfate, anhydrite",0.0
"Lithium, spodumene",Refining,"sulfur dioxide, liquid",0.0
"Lithium, spodumene",Refining,coal tar,0.0
"Lithium, brine - carbonate",Mining,"neutralising agent, sodium hydroxide-equivalent",0.0
"Lithium, brine - carbonate",Mining,"hydrochloric acid, without water, in 30% solution state",0.0
"Lithium, brine - carbonate",Mining,"soda ash, light",0.0
"Lithium, brine - carbonate",Mining,"quicklime, milled, packed",0.0
"Lithium, brine - carbonate",Mining,sulfuric acid,0.0
"Lithium, brine - carbonate",Mining,"sodium hydroxide, without water, in 50% solution state",0.0
"Lithium, brine - carbonate",Mining,"quicklime, milled, loose",0.0
"Lithium, brine - carbonate",Mining,"hydrogen peroxide, without water, in 50% solution state",0.0
"Lithium, brine - carbonate",Mining,"carbon dioxide, liquid",0.0
"Lithium, brine - carbonate",Mining,bentonite,0.0
"Lithium, brine - carbonate",Mining,sulfur,0.0
"Lithium, brine - carbonate",Mining,magnesium oxide,0.0
"Lithium, brine - carbonate",Mining,"limestone, crushed, for mill",0.0
"Lithium, brine - carbonate",Mining,"lime, hydraulic",0.0
"Lithium, brine - carbonate",Mining,"soda ash, dense",0.0
"Lithium, brine - carbonate",Mining,ammonium bicarbonate,0.0
"Lithium, brine - carbonate",Mining,lime,0.0
"Lithium, brine - carbonate",Mining,"limestone, crushed, washed",0.0
"Lithium, brine - carbonate",Mining,disodium disulphite,0.0
"Lithium, brine - carbonate",Mining,"nitric acid, without water, in 50% solution state",0.0
"Lithium, brine - carbonate",Mining,hydrogen fluoride,0.0
"Lithium, brine - carbonate",Mining,"nitrogen, liquid",0.0
"Lithium, brine - carbonate",Mining,"phosphoric acid, fertiliser grade, without water, in 70% solution state",0.0
"Lithium, brine - carbonate",Mining,iron sulfate,0.0
"Lithium, brine - carbonate",Mining,"aluminium sulfate, powder",0.0
"Lithium, brine - carbonate",Mining,"chlorine, liquid",0.0
"Lithium, brine - carbonate",Mining,"chlorine, gaseous",0.0
"Lithium, brine - carbonate",Mining,"iron (III) chloride, without water, in 40% solution state",0.0
"Lithium, brine - carbonate",Mining,"lime, hydrated, packed",0.0
"Lithium, brine - carbonate",Mining,sodium hydrogen sulfite,0.0
"Lithium, brine - carbonate",Mining,sodium pyrophosphate,0.0
"Lithium, brine - carbonate",Mining,"ammonia, anhydrous, liquid",0.0
"Lithium, brine - carbonate",Mining,hydrogen sulfide,0.0
"Lithium, brine - carbonate",Mining,"oxygen, liquid",0.0
"Lithium, brine - carbonate",Mining,formaldehyde,0.0
"Lithium, brine - carbonate",Mining,"hydrogen, gaseous, medium pressure, merchant",0.0
"Lithium, brine - carbonate",Mining,naphthalene sulfonic acid,0.0
"Lithium, brine - carbonate",Mining,"sodium chloride, powder",0.0
"Lithium, brine - carbonate",Mining,"sodium sulfate, anhydrite",0.0
"Lithium, brine - carbonate",Mining,"sulfur dioxide, liquid",0.0
"Lithium, brine - carbonate",Mining,coal tar,0.0
"Lithium, brine - carbonate",Concentration,"neutralising agent, sodium hydroxide-equivalent",0.08208555407523775
"Lithium, brine - carbonate",Concentration,"hydrochloric acid, without water, in 30% solution state",0.10085691616524343
"Lithium, brine - carbonate",Concentration,"soda ash, light",0.13185224784310146
"Lithium, brine - carbonate",Concentration,"quicklime, milled, packed",0.050522349404752975
"Lithium, brine - carbonate",Concentration,sulfuric acid,0.0
"Lithium, brine - carbonate",Concentration,"sodium hydroxide, without water, in 50% solution state",0.0
"Lithium, brine - carbonate",Concentration,"quicklime, milled, loose",0.0
"Lithium, brine - carbonate",Concentration,"hydrogen peroxide, without water, in 50% solution state",0.0
"Lithium, brine - carbonate",Concentration,"carbon dioxide, liquid",0.0
"Lithium, brine - carbonate",Concentration,bentonite,0.0
"Lithium, brine - carbonate",Concentration,sulfur,0.0
"Lithium, brine - carbonate",Concentration,magnesium oxide,0.0
"Lithium, brine - carbonate",Concentration,"limestone, crushed, for mill",0.0
"Lithium, brine - carbonate",Concentration,"lime, hydraulic",0.0
"Lithium, brine - carbonate",Concentration,"soda ash, dense",0.0
"Lithium, brine - carbonate",Concentration,ammonium bicarbonate,0.0
"Lithium, brine - carbonate",Concentration,lime,0.0
"Lithium, brine - carbonate",Concentration,"limestone, crushed, washed",0.0
"Lithium, brine - carbonate",Concentration,disodium disulphite,0.0
"Lithium, brine - carbonate",Concentration,"nitric acid, without water, in 50% solution state",0.0
"Lithium, brine - carbonate",Concentration,hydrogen fluoride,0.0
"Lithium, brine - carbonate",Concentration,"nitrogen, liquid",0.0
"Lithium, brine - carbonate",Concentration,"phosphoric acid, fertiliser grade, without water, in 70% solution state",0.0
"Lithium, brine - carbonate",Concentration,iron sulfate,0.0
"Lithium, brine - carbonate",Concentration,"aluminium sulfate, powder",0.0
"Lithium, brine - carbonate",Concentration,"chlorine, liquid",0.0
"Lithium, brine - carbonate",Concentration,"chlorine, gaseous",0.0
"Lithium, brine - carbonate",Concentration,"iron (III) chloride, without water, in 40% solution state",0.0
"Lithium, brine - carbonate",Concentration,"lime, hydrated, packed",0.0
"Lithium, brine - carbonate",Concentration,sodium hydrogen sulfite,0.0
"Lithium, brine - carbonate",Concentration,sodium pyrophosphate,0.0
"Lithium, brine - carbonate",Concentration,"ammonia, anhydrous, liquid",0.0
"Lithium, brine - carbonate",Concentration,hydrogen sulfide,0.0
"Lithium, brine - carbonate",Concentration,"oxygen, liquid",0.0
"Lithium, brine - carbonate",Concentration,formaldehyde,0.0
"Lithium, brine - carbonate",Concentration,"hydrogen, gaseous, medium pressure, merchant",0.0
"Lithium, brine - carbonate",Concentration,naphthalene sulfonic acid,0.0
"Lithium, brine - carbonate",Concentration,"sodium chloride, powder",0.0
"Lithium, brine - carbonate",Concentration,"sodium sulfate, anhydrite",0.0
"Lithium, brine - carbonate",Concentration,"sulfur dioxide, liquid",0.0
"Lithium, brine - carbonate",Concentration,coal tar,0.0
"Lithium, brine - carbonate",Refining,"neutralising agent, sodium hydroxide-equivalent",0.0
"Lithium, brine - carbonate",Refining,"hydrochloric acid, without water, in 30% solution state",0.0
"Lithium, brine - carbonate",Refining,"soda ash, light",0.9203496245185321
"Lithium, brine - carbonate",Refining,"quicklime, milled, packed",0.0
"Lithium, brine - carbonate",Refining,sulfuric acid,0.0
"Lithium, brine - carbonate",Refining,"sodium hydroxide, without water, in 50% solution state",0.0
"Lithium, brine - carbonate",Refining,"quicklime, milled, loose",0.0
"Lithium, brine - carbonate",Refining,"hydrogen peroxide, without water, in 50% solution state",0.0
"Lithium, brine - carbonate",Refining,"carbon dioxide, liquid",0.0
"Lithium, brine - carbonate",Refining,bentonite,0.0
"Lithium, brine - carbonate",Refining,sulfur,0.0
"Lithium, brine - carbonate",Refining,magnesium oxide,0.0
"Lithium, brine - carbonate",Refining,"limestone, crushed, for mill",0.0
"Lithium, brine - carbonate",Refining,"lime, hydraulic",0.0
"Lithium, brine - carbonate",Refining,"soda ash, dense",0.0
"Lithium, brine - carbonate",Refining,ammonium bicarbonate,0.0
"Lithium, brine - carbonate",Refining,lime,0.0
"Lithium, brine - carbonate",Refining,"limestone, crushed, washed",0.0
"Lithium, brine - carbonate",Refining,disodium disulphite,0.0
"Lithium, brine - carbonate",Refining,"nitric acid, without water, in 50% solution state",0.0
"Lithium, brine - carbonate",Refining,hydrogen fluoride,0.0
"Lithium, brine - carbonate",Refining,"nitrogen, liquid",0.0
"Lithium, brine - carbonate",Refining,"phosphoric acid, fertiliser grade, without water, in 70% solution state",0.0
"Lithium, brine - carbonate",Refining,iron sulfate,0.0
"Lithium, brine - carbonate",Refining,"aluminium sulfate, powder",0.0
"Lithium, brine - carbonate",Refining,"chlorine, liquid",0.0
"Lithium, brine - carbonate",Refining,"chlorine, gaseous",0.0
"Lithium, brine - carbonate",Refining,"iron (III) chloride, without water, in 40% solution state",0.0
"Lithium, brine - carbonate",Refining,"lime, hydrated, packed",0.0
"Lithium, brine - carbonate",Refining,sodium hydrogen sulfite,0.0
"Lithium, brine - carbonate",Refining,sodium pyrophosphate,0.0
"Lithium, brine - carbonate",Refining,"ammonia, anhydrous, liquid",0.0
"Lithium, brine - carbonate",Refining,hydrogen sulfide,0.0
"Lithium, brine - carbonate",Refining,"oxygen, liquid",0.0
"Lithium, brine - carbonate",Refining,formaldehyde,0.0
"Lithium, brine - carbonate",Refining,"hydrogen, gaseous, medium pressure, merchant",0.0
"Lithium, brine - carbonate",Refining,naphthalene sulfonic acid,0.0
"Lithium, brine - carbonate",Refining,"sodium chloride, powder",0.0
"Lithium, brine - carbonate",Refining,"sodium sulfate, anhydrite",0.0
"Lithium, brine - carbonate",Refining,"sulfur dioxide, liquid",0.0
"Lithium, brine - carbonate",Refining,coal tar,0.0
"Graphite, natural",Mining,"neutralising agent, sodium hydroxide-equivalent",0.0
"Graphite, natural",Mining,"hydrochloric acid, without water, in 30% solution state",0.0
"Graphite, natural",Mining,"soda ash, light",0.0
"Graphite, natural",Mining,"quicklime, milled, packed",0.0
"Graphite, natural",Mining,sulfuric acid,0.0
"Graphite, natural",Mining,"sodium hydroxide, without water, in 50% solution state",0.0
"Graphite, natural",Mining,"quicklime, milled, loose",0.0
"Graphite, natural",Mining,"hydrogen peroxide, without water, in 50% solution state",0.0
"Graphite, natural",Mining,"carbon dioxide, liquid",0.0
"Graphite, natural",Mining,bentonite,0.0
"Graphite, natural",Mining,sulfur,0.0
"Graphite, natural",Mining,magnesium oxide,0.0
"Graphite, natural",Mining,"limestone, crushed, for mill",0.0
"Graphite, natural",Mining,"lime, hydraulic",0.0
"Graphite, natural",Mining,"soda ash, dense",0.0
"Graphite, natural",Mining,ammonium bicarbonate,0.0
"Graphite, natural",Mining,lime,0.0
"Graphite, natural",Mining,"limestone, crushed, washed",0.0
"Graphite, natural",Mining,disodium disulphite,0.0
"Graphite, natural",Mining,"nitric acid, without water, in 50% solution state",0.0
"Graphite, natural",Mining,hydrogen fluoride,0.0
"Graphite, natural",Mining,"nitrogen, liquid",0.0
"Graphite, natural",Mining,"phosphoric acid, fertiliser grade, without water, in 70% solution state",0.0
"Graphite, natural",Mining,iron sulfate,0.0
"Graphite, natural",Mining,"aluminium sulfate, powder",0.0
"Graphite, natural",Mining,"chlorine, liquid",0.0
"Graphite, natural",Mining,"chlorine, gaseous",0.0
"Graphite, natural",Mining,"iron (III) chloride, without water, in 40% solution state",0.0
"Graphite, natural",Mining,"lime, hydrated, packed",0.0
"Graphite, natural",Mining,sodium hydrogen sulfite,0.0
"Graphite, natural",Mining,sodium pyrophosphate,0.0
"Graphite, natural",Mining,"ammonia, anhydrous, liquid",0.0
"Graphite, natural",Mining,hydrogen sulfide,0.0
"Graphite, natural",Mining,"oxygen, liquid",0.0
"Graphite, natural",Mining,formaldehyde,0.0
"Graphite, natural",Mining,"hydrogen, gaseous, medium pressure, merchant",0.0
"Graphite, natural",Mining,naphthalene sulfonic acid,0.0
"Graphite, natural",Mining,"sodium chloride, powder",0.0
"Graphite, natural",Mining,"sodium sulfate, anhydrite",0.0
"Graphite, natural",Mining,"sulfur dioxide, liquid",0.0
"Graphite, natural",Mining,coal tar,0.0
"Graphite, natural",Concentration,"neutralising agent, sodium hydroxide-equivalent",0.0
"Graphite, natural",Concentration,"hydrochloric acid, without water, in 30% solution state",0.0
"Graphite, natural",Concentration,"soda ash, light",0.0
"Graphite, natural",Concentration,"quicklime, milled, packed",0.0
"Graphite, natural",Concentration,sulfuric acid,0.0
"Graphite, natural",Concentration,"sodium hydroxide, without water, in 50% solution state",0.0
"Graphite, natural",Concentration,"quicklime, milled, loose",0.0
"Graphite, natural",Concentration,"hydrogen peroxide, without water, in 50% solution state",0.0
"Graphite, natural",Concentration,"carbon dioxide, liquid",0.0
"Graphite, natural",Concentration,bentonite,0.0
"Graphite, natural",Concentration,sulfur,0.0
"Graphite, natural",Concentration,magnesium oxide,0.0
"Graphite, natural",Concentration,"limestone, crushed, for mill",0.0
"Graphite, natural",Concentration,"lime, hydraulic",0.0
"Graphite, natural",Concentration,"soda ash, dense",0.0
"Graphite, natural",Concentration,ammonium bicarbonate,0.0
"Graphite, natural",Concentration,lime,0.0
"Graphite, natural",Concentration,"limestone, crushed, washed",0.0
"Graphite, natural",Concentration,disodium disulphite,0.0
"Graphite, natural",Concentration,"nitric acid, without water, in 50% solution state",0.0
"Graphite, natural",Concentration,hydrogen fluoride,0.0
"Graphite, natural",Concentration,"nitrogen, liquid",0.0
"Graphite, natural",Concentration,"phosphoric acid, fertiliser grade, without water, in 70% solution state",0.0
"Graphite, natural",Concentration,iron sulfate,0.0
"Graphite, natural",Concentration,"aluminium sulfate, powder",0.0
"Graphite, natural",Concentration,"chlorine, liquid",0.0
"Graphite, natural",Concentration,"chlorine, gaseous",0.0
"Graphite, natural",Concentration,"iron (III) chloride, without water, in 40% solution state",0.0
"Graphite, natural",Concentration,"lime, hydrated, packed",0.0
"Graphite, natural",Concentration,sodium hydrogen sulfite,0.0
"Graphite, natural",Concentration,sodium pyrophosphate,0.0
"Graphite, natural",Concentration,"ammonia, anhydrous, liquid",0.0
"Graphite, natural",Concentration,hydrogen sulfide,0.0
"Graphite, natural",Concentration,"oxygen, liquid",0.0
"Graphite, natural",Concentration,formaldehyde,0.0
"Graphite, natural",Concentration,"hydrogen, gaseous, medium pressure, merchant",0.0
"Graphite, natural",Concentration,naphthalene sulfonic acid,0.0
"Graphite, natural",Concentration,"sodium chloride, powder",0.0
"Graphite, natural",Concentration,"sodium sulfate, anhydrite",0.0
"Graphite, natural",Concentration,"sulfur dioxide, liquid",0.0
"Graphite, natural",Concentration,coal tar,0.0
"Graphite, natural",Refining,"neutralising agent, sodium hydroxide-equivalent",0.0
"Graphite, natural",Refining,"hydrochloric acid, without water, in 30% solution state",0.20047795713258804
"Graphite, natural",Refining,"soda ash, light",0.0
"Graphite, natural",Refining,"quicklime, milled, packed",0.0
"Graphite, natural",Refining,sulfuric acid,0.0
"Graphite, natural",Refining,"sodium hydroxide, without water, in 50% solution state",0.0
"Graphite, natural",Refining,"quicklime, milled, loose",0.0
"Graphite, natural",Refining,"hydrogen peroxide, without water, in 50% solution state",0.0
"Graphite, natural",Refining,"carbon dioxide, liquid",0.0
"Graphite, natural",Refining,bentonite,0.0
"Graphite, natural",Refining,sulfur,0.0
"Graphite, natural",Refining,magnesium oxide,0.0
"Graphite, natural",Refining,"limestone, crushed, for mill",0.0
"Graphite, natural",Refining,"lime, hydraulic",0.0
"Graphite, natural",Refining,"soda ash, dense",0.0
"Graphite, natural",Refining,ammonium bicarbonate,0.0
"Graphite, natural",Refining,lime,0.01701880140655403
"Graphite, natural",Refining,"limestone, crushed, washed",0.0
"Graphite, natural",Refining,disodium disulphite,0.0
"Graphite, natural",Refining,"nitric acid, without water, in 50% solution state",0.35316512669736255
"Graphite, natural",Refining,hydrogen fluoride,0.2761350418313665
"Graphite, natural",Refining,"nitrogen, liquid",0.0006755293586505559
"Graphite, natural",Refining,"phosphoric acid, fertiliser grade, without water, in 70% solution state",0.0
"Graphite, natural",Refining,iron sulfate,0.0
"Graphite, natural",Refining,"aluminium sulfate, powder",0.0
"Graphite, natural",Refining,"chlorine, liquid",0.0
"Graphite, natural",Refining,"chlorine, gaseous",0.0
"Graphite, natural",Refining,"iron (III) chloride, without water, in 40% solution state",0.0
"Graphite, natural",Refining,"lime, hydrated, packed",0.0
"Graphite, natural",Refining,sodium hydrogen sulfite,0.0
"Graphite, natural",Refining,sodium pyrophosphate,0.0
"Graphite, natural",Refining,"ammonia, anhydrous, liquid",0.0
"Graphite, natural",Refining,hydrogen sulfide,0.0
"Graphite, natural",Refining,"oxygen, liquid",0.0
"Graphite, natural",Refining,formaldehyde,0.0
"Graphite, natural",Refining,"hydrogen, gaseous, medium pressure, merchant",0.0
"Graphite, natural",Refining,naphthalene sulfonic acid,0.0
"Graphite, natural",Refining,"sodium chloride, powder",0.0
"Graphite, natural",Refining,"sodium sulfate, anhydrite",0.0
"Graphite, natural",Refining,"sulfur dioxide, liquid",0.0
"Graphite, natural",Refining,coal tar,0.0
"Lithium, brine",Mining,"neutralising agent, sodium hydroxide-equivalent",0.0
"Lithium, brine",Mining,"hydrochloric acid, without water, in 30% solution state",0.0
"Lithium, brine",Mining,"soda ash, light",0.0
"Lithium, brine",Mining,"quicklime, milled, packed",0.0
"Lithium, brine",Mining,sulfuric acid,0.0
"Lithium, brine",Mining,"sodium hydroxide, without water, in 50% solution state",0.0
"Lithium, brine",Mining,"quicklime, milled, loose",0.0
"Lithium, brine",Mining,"hydrogen peroxide, without water, in 50% solution state",0.0
"Lithium, brine",Mining,"carbon dioxide, liquid",0.0
"Lithium, brine",Mining,bentonite,0.0
"Lithium, brine",Mining,sulfur,0.0
"Lithium, brine",Mining,magnesium oxide,0.0
"Lithium, brine",Mining,"limestone, crushed, for mill",0.0
"Lithium, brine",Mining,"lime, hydraulic",0.0
"Lithium, brine",Mining,"soda ash, dense",0.0
"Lithium, brine",Mining,ammonium bicarbonate,0.0
"Lithium, brine",Mining,lime,0.0
"Lithium, brine",Mining,"limestone, crushed, washed",0.0
"Lithium, brine",Mining,disodium disulphite,0.0
"Lithium, brine",Mining,"nitric acid, without water, in 50% solution state",0.0
"Lithium, brine",Mining,hydrogen fluoride,0.0
"Lithium, brine",Mining,"nitrogen, liquid",0.0
"Lithium, brine",Mining,"phosphoric acid, fertiliser grade, without water, in 70% solution state",0.0
"Lithium, brine",Mining,iron sulfate,0.0
"Lithium, brine",Mining,"aluminium sulfate, powder",0.0
"Lithium, brine",Mining,"chlorine, liquid",0.0
"Lithium, brine",Mining,"chlorine, gaseous",0.0
"Lithium, brine",Mining,"iron (III) chloride, without water, in 40% solution state",0.0
"Lithium, brine",Mining,"lime, hydrated, packed",0.0
"Lithium, brine",Mining,sodium hydrogen sulfite,0.0
"Lithium, brine",Mining,sodium pyrophosphate,0.0
"Lithium, brine",Mining,"ammonia, anhydrous, liquid",0.0
"Lithium, brine",Mining,hydrogen sulfide,0.0
"Lithium, brine",Mining,"oxygen, liquid",0.0
"Lithium, brine",Mining,formaldehyde,0.0
"Lithium, brine",Mining,"hydrogen, gaseous, medium pressure, merchant",0.0
"Lithium, brine",Mining,naphthalene sulfonic acid,0.0
"Lithium, brine",Mining,"sodium chloride, powder",0.0
"Lithium, brine",Mining,"sodium sulfate, anhydrite",0.0
"Lithium, brine",Mining,"sulfur dioxide, liquid",0.0
"Lithium, brine",Mining,coal tar,0.0
"Lithium, brine",Concentration,"neutralising agent, sodium hydroxide-equivalent",0.08618983179861114
"Lithium, brine",Concentration,"hydrochloric acid, without water, in 30% solution state",0.10589976197745529
"Lithium, brine",Concentration,"soda ash, light",0.13844486023701816
"Lithium, brine",Concentration,"quicklime, milled, packed",0.053048466874784254
"Lithium, brine",Concentration,sulfuric acid,0.0
"Lithium, brine",Concentration,"sodium hydroxide, without water, in 50% solution state",0.0
"Lithium, brine",Concentration,"quicklime, milled, loose",0.0
"Lithium, brine",Concentration,"hydrogen peroxide, without water, in 50% solution state",0.0
"Lithium, brine",Concentration,"carbon dioxide, liquid",0.0
"Lithium, brine",Concentration,bentonite,0.0
"Lithium, brine",Concentration,sulfur,0.0
"Lithium, brine",Concentration,magnesium oxide,0.0
"Lithium, brine",Concentration,"limestone, crushed, for mill",0.0
"Lithium, brine",Concentration,"lime, hydraulic",0.0
"Lithium, brine",Concentration,"soda ash, dense",0.0
"Lithium, brine",Concentration,ammonium bicarbonate,0.0
"Lithium, brine",Concentration,lime,0.0
"Lithium, brine",Concentration,"limestone, crushed, washed",0.0
"Lithium, brine",Concentration,disodium disulphite,0.0
"Lithium, brine",Concentration,"nitric acid, without water, in 50% solution state",0.0
"Lithium, brine",Concentration,hydrogen fluoride,0.0
"Lithium, brine",Concentration,"nitrogen, liquid",0.0
"Lithium, brine",Concentration,"phosphoric acid, fertiliser grade, without water, in 70% solution state",0.0
"Lithium, brine",Concentration,iron sulfate,0.0
"Lithium, brine",Concentration,"aluminium sulfate, powder",0.0
"Lithium, brine",Concentration,"chlorine, liquid",0.0
"Lithium, brine",Concentration,"chlorine, gaseous",0.0
"Lithium, brine",Concentration,"iron (III) chloride, without water, in 40% solution state",0.0
"Lithium, brine",Concentration,"lime, hydrated, packed",0.0
"Lithium, brine",Concentration,sodium hydrogen sulfite,0.0
"Lithium, brine",Concentration,sodium pyrophosphate,0.0
"Lithium, brine",Concentration,"ammonia, anhydrous, liquid",0.0
"Lithium, brine",Concentration,hydrogen sulfide,0.0
"Lithium, brine",Concentration,"oxygen, liquid",0.0
"Lithium, brine",Concentration,formaldehyde,0.0
"Lithium, brine",Concentration,"hydrogen, gaseous, medium pressure, merchant",0.0
"Lithium, brine",Concentration,naphthalene sulfonic acid,0.0
"Lithium, brine",Concentration,"sodium chloride, powder",0.0
"Lithium, brine",Concentration,"sodium sulfate, anhydrite",0.0
"Lithium, brine",Concentration,"sulfur dioxide, liquid",0.0
"Lithium, brine",Concentration,coal tar,0.0
"Lithium, brine",Refining,"neutralising agent, sodium hydroxide-equivalent",0.0
"Lithium, brine",Refining,"hydrochloric acid, without water, in 30% solution state",0.0
"Lithium, brine",Refining,"soda ash, light",0.9663671057937758
"Lithium, brine",Refining,"quicklime, milled, packed",0.0
"Lithium, brine",Refining,sulfuric acid,0.0
"Lithium, brine",Refining,"sodium hydroxide, without water, in 50% solution state",0.0
"Lithium, brine",Refining,"quicklime, milled, loose",1.3876404311554646
"Lithium, brine",Refining,"hydrogen peroxide, without water, in 50% solution state",0.0
"Lithium, brine",Refining,"carbon dioxide, liquid",0.0
"Lithium, brine",Refining,bentonite,0.0
"Lithium, brine",Refining,sulfur,0.0
"Lithium, brine",Refining,magnesium oxide,0.0
"Lithium, brine",Refining,"limestone, crushed, for mill",0.0
"Lithium, brine",Refining,"lime, hydraulic",0.0
"Lithium, brine",Refining,"soda ash, dense",0.0
"Lithium, brine",Refining,ammonium bicarbonate,0.0
"Lithium, brine",Refining,lime,0.0
"Lithium, brine",Refining,"limestone, crushed, washed",0.0
"Lithium, brine",Refining,disodium disulphite,0.0
"Lithium, brine",Refining,"nitric acid, without water, in 50% solution state",0.0
"Lithium, brine",Refining,hydrogen fluoride,0.0
"Lithium, brine",Refining,"nitrogen, liquid",0.0
"Lithium, brine",Refining,"phosphoric acid, fertiliser grade, without water, in 70% solution state",0.0
"Lithium, brine",Refining,iron sulfate,0.0
"Lithium, brine",Refining,"aluminium sulfate, powder",0.0
"Lithium, brine",Refining,"chlorine, liquid",0.0
"Lithium, brine",Refining,"chlorine, gaseous",0.0
"Lithium, brine",Refining,"iron (III) chloride, without water, in 40% solution state",0.0
"Lithium, brine",Refining,"lime, hydrated, packed",0.0
"Lithium, brine",Refining,sodium hydrogen sulfite,0.0
"Lithium, brine",Refining,sodium pyrophosphate,0.0
"Lithium, brine",Refining,"ammonia, anhydrous, liquid",0.0
"Lithium, brine",Refining,hydrogen sulfide,0.0
"Lithium, brine",Refining,"oxygen, liquid",0.0
"Lithium, brine",Refining,formaldehyde,0.0
"Lithium, brine",Refining,"hydrogen, gaseous, medium pressure, merchant",0.0
"Lithium, brine",Refining,naphthalene sulfonic acid,0.0
"Lithium, brine",Refining,"sodium chloride, powder",0.0
"Lithium, brine",Refining,"sodium sulfate, anhydrite",0.0
"Lithium, brine",Refining,"sulfur dioxide, liquid",0.0
"Lithium, brine",Refining,coal tar,0.0
"Graphite, synthetic",Coating,"neutralising agent, sodium hydroxide-equivalent",0.0
"Graphite, synthetic",Coating,"hydrochloric acid, without water, in 30% solution state",0.0
"Graphite, synthetic",Coating,"soda ash, light",0.0
"Graphite, synthetic",Coating,"quicklime, milled, packed",0.0
"Graphite, synthetic",Coating,sulfuric acid,0.0
"Graphite, synthetic",Coating,"sodium hydroxide, without water, in 50% solution state",0.0
"Graphite, synthetic",Coating,"quicklime, milled, loose",0.0
"Graphite, synthetic",Coating,"hydrogen peroxide, without water, in 50% solution state",0.0
"Graphite, synthetic",Coating,"carbon dioxide, liquid",0.0
"Graphite, synthetic",Coating,bentonite,0.0
"Graphite, synthetic",Coating,sulfur,0.0
"Graphite, synthetic",Coating,magnesium oxide,0.0
"Graphite, synthetic",Coating,"limestone, crushed, for mill",0.0
"Graphite, synthetic",Coating,"lime, hydraulic",0.0
"Graphite, synthetic",Coating,"soda ash, dense",0.0
"Graphite, synthetic",Coating,ammonium bicarbonate,0.0
"Graphite, synthetic",Coating,lime,0.0
"Graphite, synthetic",Coating,"limestone, crushed, washed",0.0
"Graphite, synthetic",Coating,disodium disulphite,0.0
"Graphite, synthetic",Coating,"nitric acid, without water, in 50% solution state",0.0
"Graphite, synthetic",Coating,hydrogen fluoride,0.0
"Graphite, synthetic",Coating,"nitrogen, liquid",0.0
"Graphite, synthetic",Coating,"phosphoric acid, fertiliser grade, without water, in 70% solution state",0.0
"Graphite, synthetic",Coating,iron sulfate,0.0
"Graphite, synthetic",Coating,"aluminium sulfate, powder",0.0
"Graphite, synthetic",Coating,"chlorine, liquid",0.0
"Graphite, synthetic",Coating,"chlorine, gaseous",0.0
"Graphite, synthetic",Coating,"iron (III) chloride, without water, in 40% solution state",0.0
"Graphite, synthetic",Coating,"lime, hydrated, packed",0.0
"Graphite, synthetic",Coating,sodium hydrogen sulfite,0.0
"Graphite, synthetic",Coating,sodium pyrophosphate,0.0
"Graphite, synthetic",Coating,"ammonia, anhydrous, liquid",0.0
"Graphite, synthetic",Coating,hydrogen sulfide,0.0
"Graphite, synthetic",Coating,"oxygen, liquid",0.0
"Graphite, synthetic",Coating,formaldehyde,0.0
"Graphite, synthetic",Coating,"hydrogen, gaseous, medium pressure, merchant",0.0
"Graphite, synthetic",Coating,naphthalene sulfonic acid,0.0
"Graphite, synthetic",Coating,"sodium chloride, powder",0.0
"Graphite, synthetic",Coating,"sodium sulfate, anhydrite",0.0
"Graphite, synthetic",Coating,"sulfur dioxide, liquid",0.0
"Graphite, synthetic",Coating,coal tar,0.09257977847483558
"Graphite, synthetic",Micronization,"neutralising agent, sodium hydroxide-equivalent",0.0
"Graphite, synthetic",Micronization,"hydrochloric acid, without water, in 30% solution state",0.0
"Graphite, synthetic",Micronization,"soda ash, light",0.0
"Graphite, synthetic",Micronization,"quicklime, milled, packed",0.0
"Graphite, synthetic",Micronization,sulfuric acid,0.0
"Graphite, synthetic",Micronization,"sodium hydroxide, without water, in 50% solution state",0.0
"Graphite, synthetic",Micronization,"quicklime, milled, loose",0.0
"Graphite, synthetic",Micronization,"hydrogen peroxide, without water, in 50% solution state",0.0
"Graphite, synthetic",Micronization,"carbon dioxide, liquid",0.0
"Graphite, synthetic",Micronization,bentonite,0.0
"Graphite, synthetic",Micronization,sulfur,0.0
"Graphite, synthetic",Micronization,magnesium oxide,0.0
"Graphite, synthetic",Micronization,"limestone, crushed, for mill",0.0
"Graphite, synthetic",Micronization,"lime, hydraulic",0.0
"Graphite, synthetic",Micronization,"soda ash, dense",0.0
"Graphite, synthetic",Micronization,ammonium bicarbonate,0.0
"Graphite, synthetic",Micronization,lime,0.0
"Graphite, synthetic",Micronization,"limestone, crushed, washed",0.0
"Graphite, synthetic",Micronization,disodium disulphite,0.0
"Graphite, synthetic",Micronization,"nitric acid, without water, in 50% solution state",0.0
"Graphite, synthetic",Micronization,hydrogen fluoride,0.0
"Graphite, synthetic",Micronization,"nitrogen, liquid",0.0
"Graphite, synthetic",Micronization,"phosphoric acid, fertiliser grade, without water, in 70% solution state",0.0
"Graphite, synthetic",Micronization,iron sulfate,0.0
"Graphite, synthetic",Micronization,"aluminium sulfate, powder",0.0
"Graphite, synthetic",Micronization,"chlorine, liquid",0.0
"Graphite, synthetic",Micronization,"chlorine, gaseous",0.0
"Graphite, synthetic",Micronization,"iron (III) chloride, without water, in 40% solution state",0.0
"Graphite, synthetic",Micronization,"lime, hydrated, packed",0.0
"Graphite, synthetic",Micronization,sodium hydrogen sulfite,0.0
"Graphite, synthetic",Micronization,sodium pyrophosphate,0.0
"Graphite, synthetic",Micronization,"ammonia, anhydrous, liquid",0.0
"Graphite, synthetic",Micronization,hydrogen sulfide,0.0
"Graphite, synthetic",Micronization,"oxygen, liquid",0.0
"Graphite, synthetic",Micronization,formaldehyde,0.0
"Graphite, synthetic",Micronization,"hydrogen, gaseous, medium pressure, merchant",0.0
"Graphite, synthetic",Micronization,naphthalene sulfonic acid,0.0
"Graphite, synthetic",Micronization,"sodium chloride, powder",0.0
"Graphite, synthetic",Micronization,"sodium sulfate, anhydrite",0.0
"Graphite, synthetic",Micronization,"sulfur dioxide, liquid",0.0
"Graphite, synthetic",Micronization,coal tar,0.0
"Graphite, synthetic",Graphitization,"neutralising agent, sodium hydroxide-equivalent",0.0
"Graphite, synthetic",Graphitization,"hydrochloric acid, without water, in 30% solution state",0.0
"Graphite, synthetic",Graphitization,"soda ash, light",0.0
"Graphite, synthetic",Graphitization,"quicklime, milled, packed",0.0
"Graphite, synthetic",Graphitization,sulfuric acid,0.0
"Graphite, synthetic",Graphitization,"sodium hydroxide, without water, in 50% solution state",0.0
"Graphite, synthetic",Graphitization,"quicklime, milled, loose",0.0
"Graphite, synthetic",Graphitization,"hydrogen peroxide, without water, in 50% solution state",0.0
"Graphite, synthetic",Graphitization,"carbon dioxide, liquid",0.0
"Graphite, synthetic",Graphitization,bentonite,0.0
"Graphite, synthetic",Graphitization,sulfur,0.0
"Graphite, synthetic",Graphitization,magnesium oxide,0.0
"Graphite, synthetic",Graphitization,"limestone, crushed, for mill",0.0
"Graphite, synthetic",Graphitization,"lime, hydraulic",0.0
"Graphite, synthetic",Graphitization,"soda ash, dense",0.0
"Graphite, synthetic",Graphitization,ammonium bicarbonate,0.0
"Graphite, synthetic",Graphitization,lime,0.0
"Graphite, synthetic",Graphitization,"limestone, crushed, washed",0.0
"Graphite, synthetic",Graphitization,disodium disulphite,0.0
"Graphite, synthetic",Graphitization,"nitric acid, without water, in 50% solution state",0.0
"Graphite, synthetic",Graphitization,hydrogen fluoride,0.0
"Graphite, synthetic",Graphitization,"nitrogen, liquid",0.0
"Graphite, synthetic",Graphitization,"phosphoric acid, fertiliser grade, without water, in 70% solution state",0.0
"Graphite, synthetic",Graphitization,iron sulfate,0.0
"Graphite, synthetic",Graphitization,"aluminium sulfate, powder",0.0
"Graphite, synthetic",Graphitization,"chlorine, liquid",0.0
"Graphite, synthetic",Graphitization,"chlorine, gaseous",0.0
"Graphite, synthetic",Graphitization,"iron (III) chloride, without water, in 40% solution state",0.0
"Graphite, synthetic",Graphitization,"lime, hydrated, packed",0.0
"Graphite, synthetic",Graphitization,sodium hydrogen sulfite,0.0
"Graphite, synthetic",Graphitization,sodium pyrophosphate,0.0
"Graphite, synthetic",Graphitization,"ammonia, anhydrous, liquid",0.0
"Graphite, synthetic",Graphitization,hydrogen sulfide,0.0
"Graphite, synthetic",Graphitization,"oxygen, liquid",0.0
"Graphite, synthetic",Graphitization,formaldehyde,0.0
"Graphite, synthetic",Graphitization,"hydrogen, gaseous, medium pressure, merchant",0.0
"Graphite, synthetic",Graphitization,naphthalene sulfonic acid,0.0
"Graphite, synthetic",Graphitization,"sodium chloride, powder",0.0
"Graphite, synthetic",Graphitization,"sodium sulfate, anhydrite",0.0
"Graphite, synthetic",Graphitization,"sulfur dioxide, liquid",0.0
"Graphite, synthetic",Graphitization,coal tar,0.0
"Graphite, synthetic",Milling,"neutralising agent, sodium hydroxide-equivalent",0.0
"Graphite, synthetic",Milling,"hydrochloric acid, without water, in 30% solution state",0.0
"Graphite, synthetic",Milling,"soda ash, light",0.0
"Graphite, synthetic",Milling,"quicklime, milled, packed",0.0
"Graphite, synthetic",Milling,sulfuric acid,0.0
"Graphite, synthetic",Milling,"sodium hydroxide, without water, in 50% solution state",0.0
"Graphite, synthetic",Milling,"quicklime, milled, loose",0.0
"Graphite, synthetic",Milling,"hydrogen peroxide, without water, in 50% solution state",0.0
"Graphite, synthetic",Milling,"carbon dioxide, liquid",0.0
"Graphite, synthetic",Milling,bentonite,0.0
"Graphite, synthetic",Milling,sulfur,0.0
"Graphite, synthetic",Milling,magnesium oxide,0.0
"Graphite, synthetic",Milling,"limestone, crushed, for mill",0.0
"Graphite, synthetic",Milling,"lime, hydraulic",0.0
"Graphite, synthetic",Milling,"soda ash, dense",0.0
"Graphite, synthetic",Milling,ammonium bicarbonate,0.0
"Graphite, synthetic",Milling,lime,0.0
"Graphite, synthetic",Milling,"limestone, crushed, washed",0.0
"Graphite, synthetic",Milling,disodium disulphite,0.0
"Graphite, synthetic",Milling,"nitric acid, without water, in 50% solution state",0.0
"Graphite, synthetic",Milling,hydrogen fluoride,0.0
"Graphite, synthetic",Milling,"nitrogen, liquid",0.0
"Graphite, synthetic",Milling,"phosphoric acid, fertiliser grade, without water, in 70% solution state",0.0
"Graphite, synthetic",Milling,iron sulfate,0.0
"Graphite, synthetic",Milling,"aluminium sulfate, powder",0.0
"Graphite, synthetic",Milling,"chlorine, liquid",0.0
"Graphite, synthetic",Milling,"chlorine, gaseous",0.0
"Graphite, synthetic",Milling,"iron (III) chloride, without water, in 40% solution state",0.0
"Graphite, synthetic",Milling,"lime, hydrated, packed",0.0
"Graphite, synthetic",Milling,sodium hydrogen sulfite,0.0
"Graphite, synthetic",Milling,sodium pyrophosphate,0.0
"Graphite, synthetic",Milling,"ammonia, anhydrous, liquid",0.0
"Graphite, synthetic",Milling,hydrogen sulfide,0.0
"Graphite, synthetic",Milling,"oxygen, liquid",0.0
"Graphite, synthetic",Milling,formaldehyde,0.0
"Graphite, synthetic",Milling,"hydrogen, gaseous, medium pressure, merchant",0.0
"Graphite, synthetic",Milling,naphthalene sulfonic acid,0.0
"Graphite, synthetic",Milling,"sodium chloride, powder",0.0
"Graphite, synthetic",Milling,"sodium sulfate, anhydrite",0.0
"Graphite, synthetic",Milling,"sulfur dioxide, liquid",0.0
"Graphite, synthetic",Milling,coal tar,0.0
"Graphite, synthetic",Graphite crucibles,"neutralising agent, sodium hydroxide-equivalent",0.0
"Graphite, synthetic",Graphite crucibles,"hydrochloric acid, without water, in 30% solution state",0.0
"Graphite, synthetic",Graphite crucibles,"soda ash, light",0.0
"Graphite, synthetic",Graphite crucibles,"quicklime, milled, packed",0.0
"Graphite, synthetic",Graphite crucibles,sulfuric acid,0.0
"Graphite, synthetic",Graphite crucibles,"sodium hydroxide, without water, in 50% solution state",0.0
"Graphite, synthetic",Graphite crucibles,"quicklime, milled, loose",0.0
"Graphite, synthetic",Graphite crucibles,"hydrogen peroxide, without water, in 50% solution state",0.0
"Graphite, synthetic",Graphite crucibles,"carbon dioxide, liquid",0.0
"Graphite, synthetic",Graphite crucibles,bentonite,0.0
"Graphite, synthetic",Graphite crucibles,sulfur,0.0
"Graphite, synthetic",Graphite crucibles,magnesium oxide,0.0
"Graphite, synthetic",Graphite crucibles,"limestone, crushed, for mill",0.0
"Graphite, synthetic",Graphite crucibles,"lime, hydraulic",0.0
"Graphite, synthetic",Graphite crucibles,"soda ash, dense",0.0
"Graphite, synthetic",Graphite crucibles,ammonium bicarbonate,0.0
"Graphite, synthetic",Graphite crucibles,lime,0.0
"Graphite, synthetic",Graphite crucibles,"limestone, crushed, washed",0.0
"Graphite, synthetic",Graphite crucibles,disodium disulphite,0.0
"Graphite, synthetic",Graphite crucibles,"nitric acid, without water, in 50% solution state",0.0
"Graphite, synthetic",Graphite crucibles,hydrogen fluoride,0.0
"Graphite, synthetic",Graphite crucibles,"nitrogen, liquid",0.0
"Graphite, synthetic",Graphite crucibles,"phosphoric acid, fertiliser grade, without water, in 70% solution state",0.0
"Graphite, synthetic",Graphite crucibles,iron sulfate,0.0
"Graphite, synthetic",Graphite crucibles,"aluminium sulfate, powder",0.0
"Graphite, synthetic",Graphite crucibles,"chlorine, liquid",0.0
"Graphite, synthetic",Graphite crucibles,"chlorine, gaseous",0.0
"Graphite, synthetic",Graphite crucibles,"iron (III) chloride, without water, in 40% solution state",0.0
"Graphite, synthetic",Graphite crucibles,"lime, hydrated, packed",0.0
"Graphite, synthetic",Graphite crucibles,sodium hydrogen sulfite,0.0
"Graphite, synthetic",Graphite crucibles,sodium pyrophosphate,0.0
"Graphite, synthetic",Graphite crucibles,"ammonia, anhydrous, liquid",0.0
"Graphite, synthetic",Graphite crucibles,hydrogen sulfide,0.0
"Graphite, synthetic",Graphite crucibles,"oxygen, liquid",0.0
"Graphite, synthetic",Graphite crucibles,formaldehyde,0.0
"Graphite, synthetic",Graphite crucibles,"hydrogen, gaseous, medium pressure, merchant",0.0
"Graphite, synthetic",Graphite crucibles,naphthalene sulfonic acid,0.0
"Graphite, synthetic",Graphite crucibles,"sodium chloride, powder",0.0
"Graphite, synthetic",Graphite crucibles,"sodium sulfate, anhydrite",0.0
"Graphite, synthetic",Graphite crucibles,"sulfur dioxide, liquid",0.0
"Graphite, synthetic",Graphite crucibles,coal tar,0.5706941574424949
"Graphite, synthetic",Calcination,"neutralising agent, sodium hydroxide-equivalent",0.0
"Graphite, synthetic",Calcination,"hydrochloric acid, without water, in 30% solution state",0.0
"Graphite, synthetic",Calcination,"soda ash, light",0.0
"Graphite, synthetic",Calcination,"quicklime, milled, packed",0.1640769327884428
"Graphite, synthetic",Calcination,sulfuric acid,0.0
"Graphite, synthetic",Calcination,"sodium hydroxide, without water, in 50% solution state",0.0
"Graphite, synthetic",Calcination,"quicklime, milled, loose",0.0
"Graphite, synthetic",Calcination,"hydrogen peroxide, without water, in 50% solution state",0.0
"Graphite, synthetic",Calcination,"carbon dioxide, liquid",0.0
"Graphite, synthetic",Calcination,bentonite,0.0
"Graphite, synthetic",Calcination,sulfur,0.0
"Graphite, synthetic",Calcination,magnesium oxide,0.0
"Graphite, synthetic",Calcination,"limestone, crushed, for mill",0.0
"Graphite, synthetic",Calcination,"lime, hydraulic",0.0
"Graphite, synthetic",Calcination,"soda ash, dense",0.0
"Graphite, synthetic",Calcination,ammonium bicarbonate,0.0
"Graphite, synthetic",Calcination,lime,0.0
"Graphite, synthetic",Calcination,"limestone, crushed, washed",0.0
"Graphite, synthetic",Calcination,disodium disulphite,0.0
"Graphite, synthetic",Calcination,"nitric acid, without water, in 50% solution state",0.0
"Graphite, synthetic",Calcination,hydrogen fluoride,0.0
"Graphite, synthetic",Calcination,"nitrogen, liquid",0.0
"Graphite, synthetic",Calcination,"phosphoric acid, fertiliser grade, without water, in 70% solution state",0.0
"Graphite, synthetic",Calcination,iron sulfate,0.0
"Graphite, synthetic",Calcination,"aluminium sulfate, powder",0.0
"Graphite, synthetic",Calcination,"chlorine, liquid",0.0
"Graphite, synthetic",Calcination,"chlorine, gaseous",0.0
"Graphite, synthetic",Calcination,"iron (III) chloride, without water, in 40% solution state",0.0
"Graphite, synthetic",Calcination,"lime, hydrated, packed",0.0
"Graphite, synthetic",Calcination,sodium hydrogen sulfite,0.0
"Graphite, synthetic",Calcination,sodium pyrophosphate,0.0
"Graphite, synthetic",Calcination,"ammonia, anhydrous, liquid",0.0
"Graphite, synthetic",Calcination,hydrogen sulfide,0.0
"Graphite, synthetic",Calcination,"oxygen, liquid",0.0
"Graphite, synthetic",Calcination,formaldehyde,0.0
"Graphite, synthetic",Calcination,"hydrogen, gaseous, medium pressure, merchant",0.0
"Graphite, synthetic",Calcination,naphthalene sulfonic acid,0.0
"Graphite, synthetic",Calcination,"sodium chloride, powder",0.0
"Graphite, synthetic",Calcination,"sodium sulfate, anhydrite",0.0
"Graphite, synthetic",Calcination,"sulfur dioxide, liquid",0.0
"Graphite, synthetic",Calcination,coal tar,0.0
Nickel,Mining,"neutralising agent, sodium hydroxide-equivalent",0.0
Nickel,Mining,"hydrochloric acid, without water, in 30% solution state",0.0
Nickel,Mining,"soda ash, light",0.0
Nickel,Mining,"quicklime, milled, packed",0.0
Nickel,Mining,sulfuric acid,0.0
Nickel,Mining,"sodium hydroxide, without water, in 50% solution state",0.0
Nickel,Mining,"quicklime, milled, loose",0.0
Nickel,Mining,"hydrogen peroxide, without water, in 50% solution state",0.0
Nickel,Mining,"carbon dioxide, liquid",0.0
Nickel,Mining,bentonite,0.0
Nickel,Mining,sulfur,0.0
Nickel,Mining,magnesium oxide,0.0
Nickel,Mining,"limestone, crushed, for mill",0.0
Nickel,Mining,"lime, hydraulic",0.0
Nickel,Mining,"soda ash, dense",0.0
Nickel,Mining,ammonium bicarbonate,0.0
Nickel,Mining,lime,0.0
Nickel,Mining,"limestone, crushed, washed",0.0
Nickel,Mining,disodium disulphite,0.0
Nickel,Mining,"nitric acid, without water, in 50% solution state",0.0
Nickel,Mining,hydrogen fluoride,0.0
Nickel,Mining,"nitrogen, liquid",0.0
Nickel,Mining,"phosphoric acid, fertiliser grade, without water, in 70% solution state",0.0
Nickel,Mining,iron sulfate,0.0
Nickel,Mining,"aluminium sulfate, powder",0.0
Nickel,Mining,"chlorine, liquid",0.0
Nickel,Mining,"chlorine, gaseous",0.0
Nickel,Mining,"iron (III) chloride, without water, in 40% solution state",0.0
Nickel,Mining,"lime, hydrated, packed",0.0
Nickel,Mining,sodium hydrogen sulfite,0.0
Nickel,Mining,sodium pyrophosphate,0.0
Nickel,Mining,"ammonia, anhydrous, liquid",0.0
Nickel,Mining,hydrogen sulfide,0.0
Nickel,Mining,"oxygen, liquid",0.0
Nickel,Mining,formaldehyde,0.0
Nickel,Mining,"hydrogen, gaseous, medium pressure, merchant",0.0
Nickel,Mining,naphthalene sulfonic acid,0.0
Nickel,Mining,"sodium chloride, powder",0.0
Nickel,Mining,"sodium sulfate, anhydrite",0.0
Nickel,Mining,"sulfur dioxide, liquid",0.0
Nickel,Mining,coal tar,0.0
Nickel,Concentration,"neutralising agent, sodium hydroxide-equivalent",0.0
Nickel,Concentration,"hydrochloric acid, without water, in 30% solution state",0.0
Nickel,Concentration,"soda ash, light",0.001151138065133942
Nickel,Concentration,"quicklime, milled, packed",0.0
Nickel,Concentration,sulfuric acid,8.808406774336682e-06
Nickel,Concentration,"sodium hydroxide, without water, in 50% solution state",0.0
Nickel,Concentration,"quicklime, milled, loose",0.0
Nickel,Concentration,"hydrogen peroxide, without water, in 50% solution state",0.0
Nickel,Concentration,"carbon dioxide, liquid",0.0
Nickel,Concentration,bentonite,0.0
Nickel,Concentration,sulfur,0.0
Nickel,Concentration,magnesium oxide,0.0
Nickel,Concentration,"limestone, crushed, for mill",0.0
Nickel,Concentration,"lime, hydraulic",0.0
Nickel,Concentration,"soda ash, dense",0.0
Nickel,Concentration,ammonium bicarbonate,0.0
Nickel,Concentration,lime,0.0
Nickel,Concentration,"limestone, crushed, washed",0.0
Nickel,Concentration,disodium disulphite,0.0
Nickel,Concentration,"nitric acid, without water, in 50% solution state",3.068422986244657e-05
Nickel,Concentration,hydrogen fluoride,0.0
Nickel,Concentration,"nitrogen, liquid",0.0
Nickel,Concentration,"phosphoric acid, fertiliser grade, without water, in 70% solution state",0.0
Nickel,Concentration,iron sulfate,4.6295187253735306e-08
Nickel,Concentration,"aluminium sulfate, powder",0.004389066091416909
Nickel,Concentration,"chlorine, liquid",0.0
Nickel,Concentration,"chlorine, gaseous",0.0
Nickel,Concentration,"iron (III) chloride, without water, in 40% solution state",0.0
Nickel,Concentration,"lime, hydrated, packed",0.004813374459107447
Nickel,Concentration,sodium hydrogen sulfite,0.006979126689439371
Nickel,Concentration,sodium pyrophosphate,6.132994798192006e-05
Nickel,Concentration,"ammonia, anhydrous, liquid",0.0
Nickel,Concentration,hydrogen sulfide,0.0
Nickel,Concentration,"oxygen, liquid",0.0
Nickel,Concentration,formaldehyde,0.0
Nickel,Concentration,"hydrogen, gaseous, medium pressure, merchant",0.0
Nickel,Concentration,naphthalene sulfonic acid,0.0
Nickel,Concentration,"sodium chloride, powder",0.0
Nickel,Concentration,"sodium sulfate, anhydrite",0.0
Nickel,Concentration,"sulfur dioxide, liquid",0.0
Nickel,Concentration,coal tar,0.0
Nickel,Refining,"neutralising agent, sodium hydroxide-equivalent",0.0
Nickel,Refining,"hydrochloric acid, without water, in 30% solution state",0.019765935614803047
Nickel,Refining,"soda ash, light",0.03270278594053881
Nickel,Refining,"quicklime, milled, packed",0.0
Nickel,Refining,sulfuric acid,0.01419184765848146
Nickel,Refining,"sodium hydroxide, without water, in 50% solution state",0.06642844274948034
Nickel,Refining,"quicklime, milled, loose",0.0
Nickel,Refining,"hydrogen peroxide, without water, in 50% solution state",0.007988730365658088
Nickel,Refining,"carbon dioxide, liquid",0.0
Nickel,Refining,bentonite,0.0
Nickel,Refining,sulfur,0.027329374085635048
Nickel,Refining,magnesium oxide,0.0
Nickel,Refining,"limestone, crushed, for mill",0.0
Nickel,Refining,"lime, hydraulic",0.0
Nickel,Refining,"soda ash, dense",0.0
Nickel,Refining,ammonium bicarbonate,0.0
Nickel,Refining,lime,0.0
Nickel,Refining,"limestone, crushed, washed",0.00325793977735854
Nickel,Refining,disodium disulphite,0.0
Nickel,Refining,"nitric acid, without water, in 50% solution state",8.055525739545356e-08
Nickel,Refining,hydrogen fluoride,0.0
Nickel,Refining,"nitrogen, liquid",1.1802848954523855e-05
Nickel,Refining,"phosphoric acid, fertiliser grade, without water, in 70% solution state",0.0
Nickel,Refining,iron sulfate,5.666616453651161e-06
Nickel,Refining,"aluminium sulfate, powder",6.71795830296028e-05
Nickel,Refining,"chlorine, liquid",0.0
Nickel,Refining,"chlorine, gaseous",0.005921711040772069
Nickel,Refining,"iron (III) chloride, without water, in 40% solution state",0.0
Nickel,Refining,"lime, hydrated, packed",0.06621971733415813
Nickel,Refining,sodium hydrogen sulfite,0.0008545869415511017
Nickel,Refining,sodium pyrophosphate,0.0006416486854004441
Nickel,Refining,"ammonia, anhydrous, liquid",0.05695496403732696
Nickel,Refining,hydrogen sulfide,0.0030514846643238617
Nickel,Refining,"oxygen, liquid",0.0028779182645171887
Nickel,Refining,formaldehyde,0.00032107502156416374
Nickel,Refining,"hydrogen, gaseous, medium pressure, merchant",0.013111126675679935
Nickel,Refining,naphthalene sulfonic acid,0.00012825756561006164
Nickel,Refining,"sodium chloride, powder",3.4371750382063106e-05
Nickel,Refining,"sodium sulfate, anhydrite",3.9832066412142266e-05
Nickel,Refining,"sulfur dioxide, liquid",0.0036501073076854974
Nickel,Refining,coal tar,0.0
